Category,Company,Key Contact,Phone,Email,Contact Strategy,Lead Score,Subject Line,Message
Jewellery & Luxury Watches,Kennedy Luxury,P. Moroney,(03) 8614 1100,p.moroney@kennedy.com.au,Kennedy Oaks. The premium retailer for Rolex/Patek; focus on CRM.,,,
Jewellery & Luxury Watches,Rolex AU,B. Falletti,(03) 9654 4988,benoit.falletti@rolex.com,"Australian Open / Grand Prix. Focus on ""Timing Partner"" exclusivity.",,,
Jewellery & Luxury Watches,Hardy Brothers,Stuart Bishop,(07) 3625 0300,sbishop@hardybrothers.com.au,"PSI Dressage. Traditional equestrian link; pitch the ""New Wave"" Polo.",,,
Jewellery & Luxury Watches,Tiffany & Co.,Catherine Astor,(02) 9225 3333,catherine.astor@tiffany.com,"Major Trophies. Focus on the ""F3 Trophy"" as a branding centerpiece.",,,
Jewellery & Luxury Watches,TAG Heuer,National Mgr,(02) 9316 7165,marketing.anz@tagheuer.com,"Motorsports. Align the ""F3"" brand with their racing heritage.",,,
Jewellery & Luxury Watches,Cartier AU,Marketing Dir,(02) 8240 6600,marketing.au@cartier.com,"International Polo. Use the global ""Cartier Queen's Cup"" legacy.",,,
Jewellery & Luxury Watches,Bvlgari AU,Brand Manager,(02) 9233 3611,marketing.au@bulgari.com,"High Fashion. Pitch the ""After Party"" as a high-society ""Roman Night.""",,,
Jewellery & Luxury Watches,Paspaley,Marketing Lead,(02) 9232 4444,marketing@paspaley.com.au,"Luxury Brand of the Year. Pitch as the ""Aussie Luxury"" anchor.",,,
Jewellery & Luxury Watches,IWC,Marketing Mgr,(03) 9251 1000,marketing.au@iwc.com,"Tribeca Film Fest. Pitch the ""Storytelling"" and ""Aviation"" angle.",,,
Jewellery & Luxury Watches,Omega,Brand Manager,(03) 8844 3300,marketing.au@swatchgroup.com,"Olympic Games. Focus on their role as the ""Ultimate Timekeeper.""",,,
Jewellery & Luxury Watches,Hublot AU,Brand Director,(02) 9221 2288,sponsoring@hublot.com,"Ferrari / FIFA. Pitch as the ""Bold & Disruptive"" alternative to Rolex.",,,
Jewellery & Luxury Watches,The Hour Glass,Marketing Lead,(02) 9221 2288,marketing.au@thehourglass.com,Private Client hosting. Sell as a turnkey VIP hosting day.,,,
Jewellery & Luxury Watches,Piaget AU,Marketing Mgr,(03) 9251 1000,marketing.au@piaget.com,Polo Heritage. Link to the Piaget Polo watch line specifically.,,,
Jewellery & Luxury Watches,Longines AU,Brand Mgr,(03) 8844 3300,marketing@longines.com.au,World Equestrian Games. The most natural fit for timing horses.,,,
Jewellery & Luxury Watches,Van Cleef,Marketing Lead,(02) 8047 8400,marketing.au@vancleefarpels.com,"The Arts. Pitch as the ""Poetic"" and ""Graceful"" side of the sport.",,,
Jewellery & Luxury Watches,Chopard AU,Brand Manager,(02) 9232 4422,marketing.au@chopard.com,"Classic Racing. Align with the ""Speed & Elegance"" theme.",,,
Jewellery & Luxury Watches,Graff AU,Marketing Lead,(03) 9654 4988,marketing.au@graff.com,"Diamond auctions. Focus on the high-ticket ""Champagne & Diamonds"" lunch.",,,
Jewellery & Luxury Watches,Jan Logan,Marketing Mgr,(02) 9212 1644,marketing@janlogan.com,"Film Industry. Focus on the Sydney ""Society"" demographic.",,,
Jewellery & Luxury Watches,Canturi,Marketing Lead,(02) 9233 8888,marketing@canturi.com,Philanthropy. Pitch as a platform for a high-end charity auction.,,,
Jewellery & Luxury Watches,Showcase Jewellers,Partnerships,(02) 9410 1377,info@showcasejewellers.com.au,Trade Shows. Use for B2B hospitality for their store owners.,,,
Finance & Private Wealth,Macquarie,Head of Mktg,(02) 8232 3333,branding@macquarie.com,"Sydney Symphony. Focus on the ""Intellectual High Life.""",,,
Finance & Private Wealth,CBA Private,EGM Private,(02) 9118 1133,privatebank@cba.com.au,"Matildas. Pitch the gender-neutral ""Polo for Everyone"" angle.",,,
Finance & Private Wealth,Westpac Private,Head of Private,(02) 9155 7710,privatebank@westpac.com.au,"Life Saver Rescue. Focus on the ""Community Legacy"" of the Brisbane event.",,,
Finance & Private Wealth,NAB Private,Executive GM,(03) 8634 2305,private@nab.com.au,"AFL. Pitch as the ""Premium/C-Suite"" hospitality alternative to footy.",,,
Finance & Private Wealth,ANZ Private,Marketing Lead,(03) 8654 0000,private@anz.com,"Australian Open. Use as a ""Spring Warm-up"" for their 2027 tennis plans.",,,
Finance & Private Wealth,J.P. Morgan,Marketing Dir,(02) 9003 8888,au.marketing@jpmorgan.com,"Invictus Games. Align with the ""Tough & Noble"" spirit of polo.",,,
Finance & Private Wealth,Perpetual,Head of Mktg,(02) 9229 9000,marketing@perpetual.com.au,"Perpetual Private Wealth. Focus on ""Generational Wealth"" hosting.",,,
Finance & Private Wealth,Morgan Stanley,Head of Mktg,(02) 9770 1111,branding@morganstanley.com,"Golf / Tennis. Use for HNW client engagement; very ""Social Club.""",,,
Finance & Private Wealth,Goldman Sachs,Private Wealth,(02) 9320 1100,au.marketing@gs.com,"Global Arts. Focus on the ""Boutique & Exclusive"" nature of F3.",,,
Finance & Private Wealth,Australian Ethical,Partnerships,(02) 8276 6288,info@australianethical.com.au,"ESG Leaders. Pitch the ""Ethical Pony Welfare"" and green event focus.",,,
Finance & Private Wealth,UBS Australia,Marketing Mgr,(02) 9324 2000,marketing.au@ubs.com,"Contemporary Art. Pitch as a ""Visual Spectacle"" for their art clients.",,,
Finance & Private Wealth,Canaccord,Head of Wealth,(02) 9263 2700,marketing@cgf.com,"Local Sports. Focus on the Brisbane/Sydney ""Business Corridor.""",,,
Finance & Private Wealth,Ord Minnett,Marketing Mgr,(02) 8216 6300,marketing@ordminnett.com.au,"Sailing. Overlap with the high-stakes ""Harbour"" wealth crowd.",,,
Finance & Private Wealth,Wilsons,Head of Mktg,(07) 3119 2200,marketing@wilsonsadvisory.com.au,QLD Wealth. Primary target for the Brisbane Oct 31 launch.,,,
Finance & Private Wealth,Evans & Partners,Brand Lead,(03) 9631 9888,marketing@evansandpartners.com.au,"Private Investment. Sell a turnkey ""Investors Marquee.""",,,
Finance & Private Wealth,Escala Partners,Managing Partner,(03) 8888 7200,info@escalapartners.com.au,"Boutique Wealth. Focus on the ""Personalized"" nature of F3 Polo.",,,
Finance & Private Wealth,Crestone,Head of Mktg,(02) 8422 5500,marketing@crestone.com.au,"LGT Wealth. International focus; pitch the ""Global Tour"" feel.",,,
Finance & Private Wealth,BDO Private,Marketing Mgr,(07) 3237 5999,marketing@bdo.com.au,Trade & Business. Target for SME owners attending the events.,,,
Finance & Private Wealth,KPMG Private,Partnerships,(02) 9335 7000,partnerships@kpmg.com.au,"Innovation awards. Align with the ""F3 - Future"" tech angle.",,,
Finance & Private Wealth,Deloitte Private,Marketing Mgr,(03) 9671 7000,marketing@deloitte.com.au,Mid-market growth. Use for B2B hospitality and networking.,,,
Automotive,Lexus AU,Jack Hobbs (CEO),(03) 9647 4444,jack.hobbs@lexus.com.au,Melbourne Cup. Pitch as the elite performance extension of their racing portfolio.,,,
Automotive,Audi AU,Nick Reid (GM Mktg),(02) 9126 7000,nick.reid@audi.com.au,"Audi Sailing Series. Align F3 ""precision"" with their existing elite sailing assets.",,,
Automotive,BMW AU,Alex McLean,(03) 9264 4000,alex.mclean@bmw.com.au,"BMW Golf Cup. Target the ""precision performance"" overlap between golf and polo.",,,
Automotive,Mercedes-Benz,M. Pasiopoulos,(03) 8546 8100,matthew.pasiopoulos@mercedes-benz.com,"Fashion Week. Focus on the ""social elegance"" of the F3 Sydney event.",,,
Automotive,Porsche AU,Alexis Truscott,(03) 9473 0911,alexis.truscott@porsche.com.au,"Porsche Carrera Cup. Pitch their 75th-year legacy (2026) as ""unrivaled speed.""",,,
Automotive,Volvo AU,Stephen Connor,(02) 8574 1200,stephen.connor@volvocars.com,"Sustainability Awards. Pitch as the ""Silent Power"" EV partner for 2026.",,,
Automotive,Range Rover,Rowel Johnston,(02) 9020 1400,rowel.johnston@jaguarlandrover.com,"Polo in the City. The traditional incumbent; pitch as the ""next-gen"" upgrade.",,,
Automotive,Ferrari,Janine McPhee,(02) 8345 5100,janine.mcphee@ferrari.com,"F1 Grand Prix. Focus on the ""F3"" branding to align with their racing DNA.",,,
Automotive,Aston Martin,Brand Manager,(02) 8336 4400,marketing.anz@astonmartin.com,Global Polo heritage. Use their international link to the sport.,,,
Automotive,Bentley,Marketing Lead,(02) 8336 4400,info@bentleymotors.com.au,Luxury Travel. Pitch the Brisbane event as a high-society getaway.,,,
Automotive,Lamborghini,Brand Manager,(03) 9005 6000,marketing@lamborghini.com.au,"Supercar Club. Target the ""Exotic"" crowd; high energy/high speed pitch.",,,
Automotive,Maserati,Marketing Lead,(02) 9360 1155,info@maserati.com.au,"Elite Sailing. Align with the ""Old Money"" coastal demographics of Sydney.",,,
Automotive,Genesis,Head of Genesis,(02) 8397 3000,marketing@genesis.com.au,"PGA Golf. Emerging luxury; looking for lifestyle ""disruptor"" events.",,,
Automotive,Tesla,Marketing Mgr,(02) 9345 3000,australia_sales@tesla.com,"Tech Summits. Pitch the ""Electric Arena"" charging activation.",,,
Automotive,Polestar,Head of Mktg,(02) 8317 2800,marketing.au@polestar.com,"Art Fairs. Focus on the ""Clean Design"" of the F3 Polo branding.",,,
Automotive,BYD,Luke Todd (CEO),(02) 8077 3530,luke.todd@evdirect.com.au,UEFA Euro. Global sponsor; looking for Australian brand elevation.,,,
Automotive,Zeekr,Head of Mktg,(02) 8320 0200,marketing@zeekr.com.au,New Brand Launch. High budget for 2026 activations to steal market share.,,,
Automotive,Cadillac,Marketing Lead,(03) 9647 1111,marketing@cadillac.com.au,"US Sports. Leverage the ""Fresh"" American luxury angle.",,,
Automotive,Rolls-Royce,Brand Manager,(07) 3000 7000,info@rolls-roycemotorcars.com.au,Private Wealth events. Pitch as a high-security exclusive VIP area sponsor.,,,
Automotive,McLaren,Partnerships,(02) 8336 4400,marketing.anz@mclaren.com,"F1. Pitch as the ""Polo equivalent of the Paddock Club.""",,,
Airlines & Travel,Qantas,Petra Perry (CMO),(02) 9691 3636,petraperry@qantas.com.au,"Qantas Arts Program. Pitch the ""Design & Grace"" of F3 Polo.",,,
Airlines & Travel,Virgin Australia,Head of Brand,(07) 3295 3000,marketing@virginaustralia.com,"AFL. Pitch as the ""Elite/Platinum"" tier to their mass-sport AFL deal.",,,
Airlines & Travel,Qatar Airways,Regional Mgr,(02) 8333 8400,aus_sales@au.qatarairways.com,"FIFA / F1. Align the ""F3"" brand with their global speed portfolio.",,,
Airlines & Travel,Emirates,Barry Brown (VP),(02) 9290 9400,barry.brown@emirates.com,Tennis / Godolphin. Use their massive global Polo heritage.,,,
Airlines & Travel,Singapore Air,Marketing Dept,(02) 9350 0100,au_marketing@singaporeair.com.sg,"F1 / Gourmet. Pitch the ""VIP Dining & Lounge"" experience.",,,
Airlines & Travel,Etihad Airways,Regional Mgr,(02) 9020 1800,aus_marketing@etihad.ae,"Man City. Focus on ""Premium Excellence"" and Sydney wealth.",,,
Airlines & Travel,Cathay Pacific,Marketing Mgr,(02) 8333 3000,aus_marketing@cathaypacific.com,"Rugby 7s. Align with the ""Fast-Format Sport"" (F3 vs 7s).",,,
Airlines & Travel,Air NZ,Regional Mgr,(02) 8335 9300,aus_marketing@airnz.co.nz,"NZ Tourism. Pitch as the ""Trans-Tasman"" series connector.",,,
Airlines & Travel,Turkish Air,Marketing Lead,(03) 8601 2700,marketing.au@thy.com,UEFA. Focus on high-visibility pitch branding.,,,
Airlines & Travel,United Airlines,Regional Mgr,(02) 9244 2100,aus_sales@united.com,PGA Golf. Align with the high-society golf demographic.,,,
Airlines & Travel,Delta Air Lines,Marketing Lead,(02) 9244 2100,aus_marketing@delta.com,"US Tennis. Focus on the ""Summer Series"" launch in October.",,,
Airlines & Travel,ANA,Marketing Mgr,(02) 9233 8211,marketing.au@ana.co.jp,Cultural exchange. Pitch the Brisbane event for Japanese expats.,,,
Airlines & Travel,Helloworld,Head of Mktg,(03) 9867 9600,marketing@helloworld.com.au,Local Sport. Use to reach the travel-booking demographic.,,,
Airlines & Travel,Flight Centre,Premium Mktg,(07) 3170 7070,marketing@flightcentre.com.au,"Luxe Travel. Pitch as the ""Weekend Getaway"" event of the year.",,,
Airlines & Travel,Luxperience,Event Director,(02) 8268 4444,info@luxperience.com.au,B2B Luxury Travel. Use as a client networking event.,,,
Airlines & Travel,Abercrombie & Kent,Marketing Lead,(03) 9536 1800,marketing@abercrombiekent.com.au,"Luxe Safaris. Overlap with the ""Outdoors/Equestrian"" wealth crowd.",,,
Airlines & Travel,Scenic Luxury,Head of Brand,(02) 4925 7444,marketing@scenic.com.au,Cruising. Target the 50+ wealth demographic.,,,
Airlines & Travel,Silversea,Marketing Dir,(02) 9255 0600,marketing.au@silversea.com,"Elite Arts. Focus on the ""Sophisticated"" side of Polo.",,,
Airlines & Travel,Captain’s Choice,Marketing Lead,(03) 8508 8508,marketing@captainschoice.com.au,"Heritage Travel. Focus on the ""History & Prestige"" of the sport.",,,
Airlines & Travel,Avis Budget Group,Marketing Lead,(02) 9353 9000,marketing@avis.com.au,"Touring. Pitch as the official ""Elite Fleet"" partner.",,,
Energy & Telecommunications,Telstra,Brent Smart (CMO),(02) 9244 4400,brent.smart@team.telstra.com,"AFL / Ballet. Pitch as the ""Digital Stadium"" for F3 data.",,,
Energy & Telecommunications,Optus,Head of Brand,(02) 8082 7800,sponsorship@optus.com.au,"Matildas. Focus on the ""Inclusive Youth"" high-energy angle.",,,
Energy & Telecommunications,Vodafone (TPG),Marketing Dir,(02) 9030 0000,sponsorships@vodafone.com.au,"Cricket. Pitch as the ""Summer Sport"" warm-up event.",,,
Energy & Telecommunications,Starlink,Business Sales,(02) 9244 4400,sales@spacex.com,"Remote Connectivity. Pitch the ""Connected Field"" Wi-Fi activation.",,,
Energy & Telecommunications,Aussie Broadband,Marketing Lead,1300 880 905,marketing@aussiebroadband.com.au,"Local Community. Focus on the Brisbane/Sydney ""Grassroots elite.""",,,
Energy & Telecommunications,Origin Energy,C. Anderson,(02) 8345 3000,catherine.anderson@origin.com.au,"Netball. Pitch ""Clean Energy"" to power the event village.",,,
Energy & Telecommunications,Ampol AU,Sean Phillips,(02) 9250 5000,sean.phillips@ampol.com.au,"State of Origin. Focus on the ""Ampol Charge"" EV lounge.",,,
Energy & Telecommunications,Viva Energy,Marketing Mgr,(03) 8823 4444,sponsorship@vivaenergy.com.au,Motorsport. Use the F3 speed data to align with Shell V-Power.,,,
Energy & Telecommunications,AGL Energy,Head of Mktg,(02) 9921 2999,marketing@agl.com.au,"Sustainable Living. Focus on ""Zero-Waste"" event credentials.",,,
Energy & Telecommunications,EnergyAustralia,Marketing Lead,(03) 8628 1000,marketing@energyaustralia.com.au,Arts/Regional. Link the Brisbane-Sydney corridor.,,,
Energy & Telecommunications,Tesla Energy,Marketing Mgr,(02) 9345 3000,australia_sales@tesla.com,"Innovation Tech. Target the ""Future"" part of F3.",,,
Energy & Telecommunications,Sungevity,Marketing Lead,1800 922 822,marketing@sungevity.com.au,Green Events. Focus on the outdoor/nature aspect of polo.,,,
Energy & Telecommunications,Red Energy,Brand Manager,131 806,marketing@redenergy.com.au,"AFL. Pitch as a targeted, high-value alternative.",,,
Energy & Telecommunications,Alinta Energy,Marketing Lead,(02) 9372 2600,marketing@alintaenergy.com.au,"Cricket. Focus on the ""Summer Social"" aspect.",,,
Energy & Telecommunications,Vocus Group,Marketing Mgr,(03) 9674 6500,marketing@vocus.com.au,B2B Tech. Use for corporate hospitality for IT partners.,,,
Energy & Telecommunications,Superloop,Head of Mktg,(07) 3905 2400,marketing@superloop.com,"Esports. Link the ""Fast Data"" of gaming with F3 Polo stats.",,,
Energy & Telecommunications,Amber Electric,Partnerships,1800 531 907,info@amber.com.au,Energy Partner of the Year. Focus on EV integration.,,,
Energy & Telecommunications,Mate. (Telecom),Marketing Mgr,1300 881 917,marketing@letsbemates.com.au,"Football. Pitch the ""New Era"" sports fan profile.",,,
Energy & Telecommunications,Exetel,Marketing Lead,13 39 38,marketing@exetel.com.au,Family Tech. Target the family/social aspect of Sundays.,,,
Energy & Telecommunications,Dodo,Marketing Mgr,13 36 36,marketing@dodo.com.au,Mass Market. Use for public village naming rights.,,,
Fashion & Lifestyle,Hugo Boss AU,Sales Director,(03) 9474 3000,sales-au@hugoboss.com,"F1 / AO Tennis. Align with ""The BOSS Spirit"" and the Polo circuit.",,,
Fashion & Lifestyle,Ralph Lauren AU,Marketing Mgr,(02) 9331 7100,marketing@ralphlauren.com.au,Wimbledon. Use their iconic global Polo heritage.,,,
Fashion & Lifestyle,R.M. Williams,Head of Mktg,(02) 9028 3000,marketing@rmwilliams.com.au,"Agricultural Shows. Bridge the gap between ""Bush"" and ""City.""",,,
Fashion & Lifestyle,Zimmermann,Marketing Dept,(02) 9310 3222,marketing@zimmermann.com,Vogue events. Focus on the high-fashion Sydney social set.,,,
Fashion & Lifestyle,L'Oréal Luxe,Georgia Hack,(03) 8680 0000,georgia.hack@loreal.com,"Fashion Week. Pitch ""The Beauty Suite"" in the VIP marquee.",,,
Fashion & Lifestyle,Estée Lauder AU,Marketing Dir,(02) 9211 6911,marketing@estee.com.au,Major Galas. Focus on the HNW female demographic.,,,
Fashion & Lifestyle,Country Road,Head of Mktg,(03) 8509 4000,marketing@countryroad.com.au,"The Arts. Pitch as the ""Modern Australian"" lifestyle choice.",,,
Fashion & Lifestyle,M.J. Bale,Marketing Mgr,(02) 8208 8800,marketing@mjbale.com,Cricket / Polo. Longtime polo supporter; pitch the F3 upgrade.,,,
Fashion & Lifestyle,Calibre,Brand Manager,(03) 9429 4444,marketing@calibre.com.au,"Dancer/Arts. Focus on the ""Motion & Style"" of the sport.",,,
Fashion & Lifestyle,Saba,Marketing Lead,(02) 8080 9000,marketing@saba.com.au,"Minimalist Art. Pitch the ""Clean Aesthetic"" of the event.",,,
Fashion & Lifestyle,Scanlan Theodore,Marketing Mgr,(03) 9826 5858,marketing@scanlantheodore.com.au,"Private Client events. Focus on the ""Society"" guest list.",,,
Fashion & Lifestyle,Camilla,Brand Director,(02) 8353 1800,marketing@camilla.com,"Festivals. Pitch the high-energy ""Urban"" side of the event.",,,
Fashion & Lifestyle,Oroton,Marketing Lead,(02) 8274 6500,marketing@oroton.com.au,"Heritage events. Align with the ""Australian Classic"" feel.",,,
Fashion & Lifestyle,Mimco,Marketing Mgr,(03) 8509 4000,marketing@mimco.com.au,Youth Fashion. Focus on the Instagrammable moments.,,,
Fashion & Lifestyle,Gant Australia,Brand Manager,(03) 9553 3777,marketing@gant.com.au,"Yachting. Target the ""Preppy/Nautical"" wealth cross-over.",,,
Fashion & Lifestyle,Tommy Hilfiger,Marketing Lead,(02) 8303 9800,marketing@tommy.com.au,"F1. Pitch the ""Sporty Preppy"" style of the F3 brand.",,,
Fashion & Lifestyle,Calvin Klein AU,Marketing Mgr,(02) 8303 9800,marketing@ck.com.au,"Music/Pop Culture. Target the ""After Party"" branding.",,,
Fashion & Lifestyle,Uniqlo AU,Head of Mktg,(03) 9635 1500,marketing@uniqlo.com.au,"Tennis. Focus on ""LifeWear"" and the outdoor active crowd.",,,
Fashion & Lifestyle,Sephora AU,Marketing Dir,(02) 9221 3400,marketing@sephora.com.au,"Music Festivals. Pitch the ""Beauty Bar"" for the Gen Z/Millennial set.",,,
Fashion & Lifestyle,MECCA Brands,Partnerships,(03) 9420 7300,partnerships@mecca.com.au,"The NGV / Arts. Focus on ""Experiential Retail"" on-site.",,,
"Alcohol (Champagne, Spirits & B",Moët Hennessy,Nausicaa Charrier,(02) 8344 9900,ncharrier@moethennessy.com,Spring Racing. Position as the exclusive boutique alternative.,,,
"Alcohol (Champagne, Spirits & B",Pernod Ricard,Marketing Dir,(02) 8874 8222,marketing.au@pernod-ricard.com,"Australian Open (Mumm). Use as a ""Pre-AO"" launch platform.",,,
"Alcohol (Champagne, Spirits & B",Asahi (Peroni),Nigel Parsons,(03) 8862 3333,nigel.parsons@asahi.com.au,"F1. Align ""Peroni Nastro Azzurro 0.0%"" with speed.",,,
"Alcohol (Champagne, Spirits & B",Treasury Wine,Tim Ford (CEO),(03) 8533 3000,tim.ford@tweglobal.com,"AFL (Penfolds). Pitch as the ""Luxe Tier"" for high-end clients.",,,
"Alcohol (Champagne, Spirits & B",Lion (Heineken),Marketing Mgr,(02) 9320 2200,marketing@lionco.com,"F1 / Rugby. Pitch as the official ""Public Village"" beer.",,,
"Alcohol (Champagne, Spirits & B",Diageo AU,C. Mullane,(02) 9126 7100,courtenay.mullane@diageo.com,"F1 (Johnny Walker). Target the ""Spirits Garden"" activation.",,,
"Alcohol (Champagne, Spirits & B",CUB (Carlton),Head of Mktg,(03) 9633 2000,marketing@cub.com.au,"Local Rugby. Target for the ""Beer & Burger"" crowd.",,,
"Alcohol (Champagne, Spirits & B",Archie Rose,Marketing Mgr,(02) 8458 2300,marketing@archierose.com.au,"Arts / Gin. Pitch the ""Australian Spirits Bar.""",,,
"Alcohol (Champagne, Spirits & B",Four Pillars,Brand Director,(03) 5962 2793,marketing@fourpillarsgin.com.au,"Sydney/Melb events. Focus on the ""Social Gin"" set.",,,
"Alcohol (Champagne, Spirits & B",Brown-Forman,Marketing Lead,(02) 9764 8777,marketing_au@b-f.com,"Jack Daniels events. Pitch the ""Whiskey & Wagons"" vibe.",,,
"Alcohol (Champagne, Spirits & B",Campari AU,Marketing Mgr,(02) 9478 2727,marketing.au@campari.com,"Australian Open (Aperol). Pitch ""The Aperol Terrace"" field-side.",,,
"Alcohol (Champagne, Spirits & B",Bacardi-Martini,Brand Lead,(02) 9405 1000,marketing.au@bacardi.com,"Lifestyle festivals. Focus on the ""Polo After Party.""",,,
"Alcohol (Champagne, Spirits & B",William Grant,Marketing Mgr,(02) 9409 1500,marketing.au@wgrant.com,"Hendrick’s Gin. Pitch the ""Whimsical & Eccentric"" polo day.",,,
"Alcohol (Champagne, Spirits & B",Henkell,Marketing Lead,(02) 8310 1300,marketing.au@henkell-freixenet.com,Fashion Events. Focus on high-volume prosecco sales.,,,
"Alcohol (Champagne, Spirits & B",Casella Family,Marketing Mgr,(02) 6961 3000,marketing@casellafamilybrands.com,SME business. Target the regional wealth demographic.,,,
"Alcohol (Champagne, Spirits & B",Accolade Wines,Head of Brand,(08) 8392 2222,marketing@accoladewines.com,"Local Festivals. Pitch as the official ""Pourage Partner.""",,,
"Alcohol (Champagne, Spirits & B",Handpicked,Marketing Lead,(02) 9399 2100,marketing@handpickedwines.com.au,"Vogue Fashion Night. Focus on the Sydney ""Luxe"" set.",,,
"Alcohol (Champagne, Spirits & B",Vasse Felix,Marketing Mgr,(08) 9756 5000,marketing@vassefelix.com.au,"Fine Dining. Target the ""Foodie"" wealth demographic.",,,
"Alcohol (Champagne, Spirits & B",Shaw and Smith,Brand Lead,(08) 8398 0500,marketing@shawandsmith.com,"Elite Arts. Focus on the ""Cult Brand"" following.",,,
"Alcohol (Champagne, Spirits & B",Tyrrell’s Wines,Marketing Mgr,(02) 4993 7000,marketing@tyrrells.com.au,"Legacy Sports. Use their historic ""Hunter Valley"" prestige.",,,
Hotels & Resorts,Crown Resorts,Amber Muir,(03) 9292 8888,amber.muir@crownresorts.com.au,Culinary Events. Pitch as the official accommodation partner.,,,
Hotels & Resorts,The Star,Head of Mktg,(02) 9777 9000,marketing@thestar.com.au,Logies / Arts. Focus on the high-energy Sydney nightlife link.,,,
Hotels & Resorts,IHG Hotels,Matt Tripolone,(02) 9935 8300,matt.tripolone@ihg.com,"AFL (Intercontinental). Pitch the ""Luxe Tier"" for executive stays.",,,
Hotels & Resorts,Marriott Int.,Marketing Dir,(02) 9290 3100,marketing.au@marriott.com,"Australian Open (W Hotels). Focus on ""The After Party"" HQ.",,,
Hotels & Resorts,TFE (Calile),Brand Manager,(02) 9356 1000,marketing@tfehotels.com,Brisbane Fashion. Focus on the Oct 31 Brisbane event exclusively.,,,
Hotels & Resorts,Hyatt AU,Marketing Mgr,(03) 9657 1234,marketing.au@hyatt.com,Business Events. Target the corporate traveler.,,,
Hotels & Resorts,Hilton AU,Marketing Lead,(02) 9266 2000,marketing.au@hilton.com,"Hospitality awards. Focus on the ""VIP Service"" angle.",,,
Hotels & Resorts,Accor Luxe,Marketing Dir,(02) 9280 9888,marketing.au@accor.com,"Sailing (Sofitel). Link to the ""Harbourside Luxury"" demographic.",,,
Hotels & Resorts,The Langham,Marketing Mgr,(03) 8696 8888,marketing.au@langhamhotels.com,"Classic Luxury. Pitch the ""Traditional Polo Afternoon Tea.""",,,
Hotels & Resorts,Four Seasons,Marketing Lead,(02) 9250 3100,marketing.sydney@fourseasons.com,"Philanthropy. Pitch for the Sydney Nov 14 ""Charity Cup.""",,,
Hotels & Resorts,Shangri-La Syd,Marketing Mgr,(02) 9250 6000,marketing.sydney@shangri-la.com,International Business. Target the expat wealth crowd.,,,
Hotels & Resorts,Park Hyatt Syd,Brand Lead,(02) 9256 1234,sydney.park@hyatt.com,Ultra-HNW. Focus on the most exclusive 1% demographic.,,,
Hotels & Resorts,QT Hotels,Head of Mktg,(02) 9267 0000,marketing@qthotels.com.au,"Pop Culture. Pitch the ""Bold & Fresh"" F3 brand style.",,,
Hotels & Resorts,Ovolo Hotels,Marketing Dir,(02) 9331 9000,marketing@ovolohotels.com,"Youth Culture. Target the ""Urban Polo"" demographic.",,,
Hotels & Resorts,Crystalbrook,Marketing Lead,(02) 9048 4400,marketing@crystalbrookcollection.com,Eco-Tourism. Focus on the event's sustainability.,,,
Hotels & Resorts,Meriton Suites,Marketing Mgr,(02) 9277 1111,marketing@meriton.com.au,Sydney Society. Focus on high-visibility branding.,,,
Hotels & Resorts,Spicers Retreats,Marketing Lead,1300 127 170,marketing@spicersretreats.com,"Nature Retreats. Focus on the outdoor ""Field"" lifestyle.",,,
Hotels & Resorts,Bannisters,Marketing Mgr,(02) 4455 3044,marketing@bannisters.com.au,"Coastal Social. Target the Sydney ""Harbourside"" crowd.",,,
Hotels & Resorts,Halcyon House,Marketing Lead,(02) 6676 1444,marketing@halcyonhouse.com.au,"Boutique Luxe. Focus on the ""Influencer"" guest list.",,,
Hotels & Resorts,Longitude 131,Partnerships,(02) 9918 4355,info@baillielodges.com.au,Luxury Travel of Year. High-ticket cross-promotion.,,,
Media & Digital Partners,News Corp AU,Lou Barrett,(02) 9288 3000,lou.barrett@news.com.au,"AFL / Racing. Sell exclusive ""Social"" and ""Fashion"" rights.",,,
Media & Digital Partners,Nine Network,M. Stephenson,(02) 9906 9999,mstephenson@nine.com.au,"Australian Open / Olympics. Pitch as the ""Summer Social"" content.",,,
Media & Digital Partners,Nova Ent.,Peter Charlton,(02) 9564 9999,pcharlton@novaentertainment.com.au,"Music / AO. Pitch the ""After Party"" and youth reach.",,,
Media & Digital Partners,ARN (Radio),Ciaran Davis,(02) 9435 9999,ciarandavis@arn.com.au,"Spring Carnival. Focus on the ""Social Season"" listener.",,,
Media & Digital Partners,Seven West,Kurt Burnette,(02) 8777 7777,kburnette@seven.com.au,"Cricket / Racing. Pitch as the ""Luxe alternative"" for 2026.",,,
Media & Digital Partners,Are Media,Jane Huxley,(02) 9282 8000,jane.huxley@aremedia.com.au,"Fashion (Vogue). Pitch as the ""Social Calendar"" anchor.",,,
Media & Digital Partners,Val Morgan,Marketing Mgr,(02) 9373 6600,marketing@valmorgan.com.au,"Blockbuster Films. Pitch the ""Visual Cinema"" of live F3 Polo.",,,
Media & Digital Partners,JCDecaux AU,Partnerships,(02) 9557 6555,partnerships@jcdecaux.com.au,"Art / Fashion. Focus on ""High-Net-Worth Outdoor"" visibility.",,,
Media & Digital Partners,oOh!media,Sales Director,(02) 9927 5555,marketing@oohmedia.com.au,Retail / Airport. Focus on the Brisbane/Sydney traveler.,,,
Media & Digital Partners,SCA (Radio),Head of Mktg,(03) 9252 1011,marketing@sca.com.au,Hit Network. Target the 25-35 social demographic.,,,
Media & Digital Partners,Broadsheet,Nick Shelburne,(03) 8804 1860,nick.shelburne@broadsheet.com.au,"Dining / Social. Pitch the ""Most Anticipated"" social event title.",,,
Media & Digital Partners,Urban List,Partnerships,(07) 3252 5066,partnerships@theurbanlist.com,"Lifestyle Guides. Focus on ""What's On"" in Brisbane Oct 31.",,,
Media & Digital Partners,Canva,Partnerships,(02) 8503 8333,press@canva.com,"Digital Partner of Year. Pitch the ""F3 Data Visualisation.""",,,
Media & Digital Partners,Vogue AU,Editor-in-Chief,(02) 9288 3000,marketing@vogue.com.au,"Vogue Fashion Night. Focus on ""Fashion on the Field.""",,,
Media & Digital Partners,GQ AU,Brand Manager,(02) 9288 3000,marketing@gq.com.au,"Men of the Year. Focus on the ""Elite Gentlemen’s Club"" angle.",,,
Media & Digital Partners,Daily Mail AU,Marketing Lead,(02) 8234 4000,marketing@dailymail.com.au,"Celebrity Gossip. Sell rights to the ""A-List Marquee.""",,,
Media & Digital Partners,TikTok AU,Partnerships,(02) 8355 4200,partnerships.au@tiktok.com,"Global Sport. Pitch the ""Live POV"" rider content.",,,
Media & Digital Partners,Meta AU,Brand Manager,(02) 9003 8888,marketing.au@meta.com,"Social Connectivity. Use for event-day ""Live Reels"" partner.",,,
Media & Digital Partners,Google AU,Marketing Mgr,(02) 9374 4000,marketing-au@google.com,"Innovation. Target for the ""Tech Behind the F3"" story.",,,
Media & Digital Partners,Spotify AU,Sales Director,(02) 8317 2800,sales-au@spotify.com,"Festival Playlists. Pitch the ""Official F3 Polo Soundtrack.""",,,
Construction & Property,Lendlease,,(02) 9236 6111,media@lendlease.com,Olympics 2032. Pitch the Brisbane event as an early engagement piece.,,,
Construction & Property,Multiplex,,(02) 9256 5000,marketing@multiplex.global,"Engineering Excellence. Pitch the ""F3"" technical speed metrics.",,,
Construction & Property,Built,,(02) 8332 4111,info@built.com.au,"Heritage restoration. Align with the ""History of Polo"" vs. modern speed.",,,
Construction & Property,Hutchinson,,(07) 3335 5000,brisbane@hutchinsonbuilders.com.au,"Local Rugby. Target for the Brisbane ""Social"" crowd.",,,
Construction & Property,Mirvac,,(02) 9080 8000,media@mirvac.com,Residential events. Pitch as a VIP day for their premium buyers.,,,
Construction & Property,Stockland,,(02) 9035 2000,marketing@stockland.com.au,Community festivals. Focus on the family-friendly Sunday aspect.,,,
Construction & Property,Frasers Property,,(02) 9767 2000,marketing@frasersproperty.com.au,"Urban development. Link to the ""Urban Polo"" city-fringe location.",,,
Construction & Property,Dexus,,(02) 9017 1100,marketing@dexus.com,Commercial property. Sell B2B hospitality for their major tenants.,,,
Construction & Property,Charter Hall,,(02) 8651 9000,marketing@charterhall.com.au,Industrial Property. Use as a stakeholder engagement day.,,,
Construction & Property,Probuild,,(03) 9693 8222,marketing@probuild.com.au,"Safety Excellence. Focus on the ""Precision & Safety"" of F3 riders.",,,
Construction & Property,Nightingale,,(03) 9416 4333,hello@nightingalehousing.org,Ethical Housing. Pitch the sustainable/local focus of the event.,,,
Construction & Property,Roberts Co,,(02) 8042 1650,info@robertsco.com.au,Modern building. Target for the Sydney Nov 14 event.,,,
Construction & Property,Crown Group,,(02) 9925 0088,marketing@crowngroup.com.au,Luxury apartments. Pitch for vehicle/display lounge on-site.,,,
Construction & Property,Meriton,,(02) 9287 2888,marketing@meriton.com.au,"Sydney development. Pitch the ""Society"" value of being seen at F3.",,,
Construction & Property,TOGA Group,,(02) 9356 1000,marketing@toga.com.au,"Lifestyle brands. Focus on the ""Premium Social"" calendar.",,,
Construction & Property,Cbus Property,,(03) 9911 3777,marketing@cbusproperty.com.au,"Pensioner wealth. Target the ""Old Guard"" of wealth.",,,
Construction & Property,Grocon,,(03) 9631 2222,marketing@grocon.com.au,Major Infra. Focus on high-level networking.,,,
Construction & Property,ADCO Const.,,(02) 8437 5000,marketing@adcoconstruct.com.au,"Community Sport. Use to reach the ""Construction Professional.""",,,
Construction & Property,Richard Crookes,,(02) 9902 4700,marketing@richardcrookes.com.au,"Regional QLD/NSW. Link the two-city tour as a ""State Corridor.""",,,
Construction & Property,John Holland,,(03) 8670 5000,marketing@jhg.com.au,"Rail/Infrastructure. Focus on the ""Future City"" theme.",,,
